1,1,1,0.05453,0,0,0,0,0,0,0,0
2,2,1,0.33831,0,0,0,0,0,0,0,0
3,3,1,0.05155,0,0,0,0,0,0,0,0
4,4,1,0.40532,0,0,0,0,0,0,0,0
5,5,1,0.01058,0,0,0,0,0,0.00082,0,0.00013
6,6,1,0.03663,0,0,0,0.00095,0,0.00064,0,0.00146
7,7,1,0.39664,0,0,0,0,0,0,0,0
8,8,1,0.33912,0,0,0,0,0,0,0,0
9,9,1,0.33966,0,0,0,0,0,0,0,0
10,10,1,0.05643,0,0,0,0,0,0,0,0
11,11,1,0.39989,0,0,0,0,0,0,0,0
12,12,1,0.37846,0,0,0,0,0,0,0,0
13,13,1,0.01275,0,0,0,0,0,0.00034,0,0.0039
14,14,1,0.39853,0,0,0,0,0,0,0,0
15,15,1,0.39799,0,0,0,0,0,0,0,0
16,16,1,0.05887,0,0,0,0,0,0,0,0
17,17,1,0.33966,0,0,0,0,0,0,0,0
18,18,1,0.06565,0,0,0,0,0,0,0,0
19,19,1,0.05724,0,0,0,0,0,0,0,0
20,20,1,0.14786,0,0,0,0,0,0,0,0
21,21,1,0.09278,0,0,0,0,0,0,0,0
22,22,1,0.02333,0,0,0,0,0,0,0,0
23,23,1,0.05697,0,0,0,0,0,0,0,0
24,24,1,0.33939,0,0,0,0,0,0,0,0
25,25,1,0.05616,0,0,0,0,0,0,0,0
26,26,1,0.20971,0,0,0,0,0,0,0,0
27,27,1,0.30467,0,0,0,0,0,0,0,0
28,28,1,0.05779,0,0,0,0.00699,0,0.01141,0,0.00858
29,29,1,0.30385,0,0,0,0,0,0.00031,0,5e-05
30,30,1,0.27509,0,0,0,0,0,0,0,0
31,31,1,0.18882,0,0,0,0,0,0,0,0
32,32,1,0.03581,0,0,0,0.00095,0,0.00082,0,0.00156
33,33,1,0.26099,0,0,0,0,0,0,0,0
34,34,1,0.34373,0,0,0,0,0,0,0,0
35,35,1,0.0567,0,0,0,0,0,0,0,0
36,36,1,0.0255,0,0,0,0,0,0,0,0
37,37,1,0.08627,0,0,0,0,0,0,0,0
38,38,1,0.01139,0,0,0.01633,0.01203,0.01552,0.01215,0.02386,0.01413
39,39,1,0.01139,0,0,0.0287,0,0.03081,0,0.02115,0
40,40,1,0.07623,0,0,0.00306,0.02012,0.00117,0.01666,0.00202,0.01988
41,41,1,0.01411,0,0,0,0,0,0,0,0
42,42,1,0.38361,0,0,0.00088,0,0.00261,0,0.00019,0
43,43,1,0.33831,0,0,0,0,0,0,0,0
44,44,1,0.12018,0,0,0,0,0,0,0,0
45,45,1,0.04341,0,0,0,8e-05,0,0,0,0
46,46,1,0.33993,0,0,0,0,0,0,0,0
47,47,1,0.01872,0,0,0,0.0014,0,0.00086,0,0.0045
48,48,1,0.01248,0,0,0,0,0,0,0,0
49,49,1,0.02387,0,0,0,0.00337,0,0.00297,0,0.0047
50,50,1,0.19208,0,0,0,0,0,0,0,0
51,51,1,0.0274,0,0,0,0.0196,0,0.02248,0,0.01891
52,52,1,0.01302,0,0,0,0.0042,0,0.00303,0,0
53,53,1,0.39284,0,0,0,0,0,0,0,0
54,54,1,0.02008,0,0,0,0,0,0,0,0
55,55,1,0.01546,0,0,0,0.03016,0,0.02916,0,0.02911
56,56,1,0.04422,0,0,0,0,0,0,0,0
57,57,1,0.0643,0,0,0,0,0,0,0,0
58,58,1,0.06321,0,0,0,0,0,0,0,0
59,59,1,0.41074,0,0,0,0.00092,0,0,0,0.00039
60,60,1,0.01872,0,0,0,0,0,0,0,0
61,61,1,0.35024,0,0,0,0,0,0,0,0
62,62,1,0.17092,0,0,0,0,0,0,0,0
63,63,1,0.0662,0,0,0,0,0,0,0,0
64,64,1,0.40803,0,0,0,0,0,0,0,0
65,65,1,0.13483,0,0,0,0,0,0,0,0
66,66,1,0.12724,0,0,0,0,0,0,0,0
67,67,1,0.0662,0,0,0,0.00499,0,0.00486,0,0.0054
68,68,1,0.01601,0,0,0,0,0,0,0,0
69,69,1,0.06484,0,0,0,0,0,0,0,0
70,70,1,0.34943,0,0,0,0,0,0,0,0
71,71,1,0.12941,0,0,0,0,0,0,0,0
72,72,1,0.34916,0,0,0,0,0,0,0,0
73,73,1,0.06484,0,0,0,0,0,0,0,0
74,74,1,0.33885,0,0,0,0,0,0,0,0
75,75,1,0.40857,0,0,0,0,0,0,0,0
76,76,1,0.40559,0,0,0,0,0,0,0,0
77,77,1,0.42322,0,0,0,0,0,0,0,0
78,78,1,0.40559,0,0,0,0,0,0,0,0
79,79,1,0.42322,0,0,0,0,0,0,0,0
80,80,1,0.42322,0,0,0,0,0,0,0,0
81,81,1,0.42322,0,0,0,0,0,0,0,0
82,82,1,0.42322,0,0,0,0,0,0,0,0
83,83,1,0.40477,0,0,0,0,0,0,0,0
84,84,1,0.01031,0,0,0,0,0,0,0,0
85,85,1,0.01031,0,0,0,0,0,0,0,0
86,86,1,0.01031,0,0,0,0,0,0,0,0
87,87,1,0.06511,0,0,0,0,0,0,0,0
88,88,1,0.39501,0,0,0,0,0,0,0,0
89,89,1,0.01384,0,0,0,0,0,0,0,0
90,90,1,0.06511,0,0,0,0,0,0,0,0
91,91,1,0.06511,0,0,0,0,0,0,0,0
92,92,1,0.34183,0,0,0,0,0,0,0,0
93,93,1,0.34997,0,0,0,0,0,0,0,0
94,94,1,0.06538,0,0,0,0,0,0,0,0
95,95,1,0.35513,0,0,0,0,0,0,0,0
96,96,1,0.01194,0,0,0,0,0,0,0,0
97,97,1,0.14948,0,0,0,0,0,0,0,0
98,98,1,0.35323,0,0,0,0,0,0,0,0
99,99,1,0.02035,0,0,0,0,0,0,0,0
100,100,1,0.0217,0,0,0,0,0,0,0,0
101,101,1,0.05182,0,0,0,0.00538,0,0.00451,0,0.00539
102,102,1,0.35513,0,0,0,0,0,0,0,0
103,103,1,0.06647,0,0,0,0,0,0,0,0
104,104,1,0.02062,0,0,0,0,0,0,0,0
105,105,1,0.36408,0,0,0,0,0,0,0,0
106,106,1,0.01519,0,0,0,0,0,0,0,0
107,107,1,0.42946,0,0,0,0,0,0,0,0
108,108,1,0.43109,0,0,0,0,0,0,0,0
109,109,1,0.42187,0,0,0,0.01031,0,0.00915,0,0.00949
110,110,1,0.43136,0,0,0,0,0,0,0,0
111,111,1,0.01899,0,0,0,0,0,0,0,0
112,112,1,0.01628,0,0,0,0,0,0,0,0
113,113,1,0.41997,0,0,0,0,0,0,0,0
114,114,1,0.40043,0,0,0,0.00387,0,0.00368,0,0.0038
115,115,1,0.42024,0,0,0,0.00024,0,0,0,0
116,116,1,0.40505,0,0,0,0,0,0,0,8e-04
117,117,1,0.06294,0,0,0,0,0,0,0,0
118,118,1,0.01004,0,0,0,0,0,0.00078,0,0
119,119,1,0.42132,0,0,0,0,0,0,0,0
120,120,1,0.38117,0,0,0,0,0,0,0,0.00153
121,121,1,0.40477,0,0,0,0,0,0,0,0
122,122,1,0.16576,0,0,0,0,0,0,0,0
123,123,1,0.42132,0,0,0,0,0,0,0,0
124,124,1,0.04151,0,0,0,0,0,0,0,0
125,125,1,0.4064,0,0,0,0,0,0,0,0
126,126,1,0.15274,0,0,0,0,0,0,0,0
127,127,1,0.02008,0,0,0,0,0,0,0,0
128,128,1,0.01356,0,0,0,0,0,0,0,0
129,129,1,0.42946,0,0,0,0,0,0,0,0
130,130,1,0.16441,0,0,0,0,0,0,0,0
131,131,1,0.0274,0,0,0,0,0,0,0,0
132,132,1,0.09414,0,0,0,0,0,0,0,0
133,133,1,0.42919,0,0,0,0,0,0,0,0
134,134,1,0.06593,0,0,0,0,0,0,0,0
135,135,1,0.01872,0,0,0,0,0,0,0,0
136,136,1,0.06511,0,0,0,0,0,0,0,0
137,137,1,0.02849,0,0,0,0,0,0,0,0
138,138,1,0.16712,0,0,0,0,0,0,0,0
139,139,1,0.4178,0,0,0,0,0,0,0,0
140,140,1,0.15003,0,0,0,0,0,0,0,0
141,141,1,0.02008,0,0,0,0,0,0,0,0
142,142,1,0.06538,0,0,0,0,0,0,0,0
143,143,1,0.40559,0,0,0,0,0,0,0,0.00115
144,144,1,0.03527,0,0,0,0,0,0,0,0
145,145,1,0.02008,0,0,0,0,0,0,0,0
146,146,1,0.01085,0,0,0,0,0,0,0,0
147,147,1,0.41753,0,0,0,0,0,0,0,0
148,148,1,0.33587,0,0,0,0,0,0,0,0
149,149,1,0.01085,0,0,0,0,0,0,0,0
150,150,1,0.4178,0,0,0,0,0,0,0,0
151,151,1,0.42838,0,0,0,0,0,0,0,0
152,152,1,0.41753,0,0,0,0,0,0,0,0
153,153,1,0.01763,0,0,0,0,0,0,0,0
154,154,1,0.40586,0,0,0,0,0,0,0,0
155,155,1,0.06321,0,0,0,0,0,0,0,0
156,156,1,0.1465,0,0,0,0,0,0,0,0
157,157,1,0.40423,0,0,0,0,0,0,0,0
158,158,1,0.01004,0,0,0,0.00341,0,0.00841,0,0.00375
159,159,1,0.01139,0,0,0,0,0,0,0,0
160,160,1,0.02116,0,0,0,0,0,0,0,0
161,161,1,0.42349,0,0,0,0,0,0,0,0
162,162,1,0.14406,0,0,0,0,0,0,0,0
163,163,1,0.4045,0,0,0,0,0,0,0,0
164,164,1,0.3752,0,0,0,0,0,0,0,0
165,165,1,0.01194,0,0,0,0,0,0,0,0
166,166,1,0.40288,0,0,0,0.00017,0,0,0,0.00025
167,167,1,0.42322,0,0,0,0,0,0,0,0
168,168,1,0.43136,0,0,0,0,0,0,0,0
169,169,1,0.42132,0,0,0,0,0,0,0,0
170,170,1,0.40369,0,0,0,0,0,0,0,0
171,171,1,0.04585,0,0,0,0,0,0,0,0
172,172,1,0.01356,0,0,0,0,0,0,0,0
173,173,1,0.40043,0,0,0,0,0,0,0,0
174,174,1,0.02767,0,0,0,0.00704,0,0.00663,0,0.00864
175,175,1,0.4216,0,0,0,0,0,0,0,0
176,176,1,0.42214,0,0,0,0,0,0,0,0
177,177,1,0.01356,0,0,0,0,0,0,0,0
178,178,1,0.43001,0,0,0,0,0,0,0,0
179,179,1,0.42187,0,0,0,0,0,0,0,0
180,180,1,0.39691,0,0,0,0,0,0,0,0
181,181,1,0.33804,0,0,0,0,0,0,0,0
182,182,1,0.01845,0,0,0,0,0,0,0,0
183,183,1,0.01872,0,0,0,0,0,0,0,0
184,184,1,0.42946,0,0,0,0,0,0,0,0
185,185,1,0.33858,0,0,0,0,0,0,0,0
186,186,1,0.42973,0,0,0,0,0,0,0,0
187,187,1,0.01221,0,0,0,0,0,0,0,0
188,188,1,0.40396,0,0,0,0,0,0,0,0
189,189,1,0.12887,0,0,0,0,0,0,0,0
190,190,1,0.02062,0,0,0,0,0,0,0,0
191,191,1,0.06538,0,0,0,0,0,0,0,0
192,192,1,0.43109,0,0,0,0,0,0,0,0
193,193,1,0.02008,0,0,0,0,0,0,0,0
194,194,1,0.43055,0,0,0,0,0,0,0,0
195,195,1,0.42187,0,0,0,0,0,0,0,0
196,196,1,0.18475,0,0,0,0,0,0,0,0
197,197,1,0.40477,0,0,0,0,0,0,0,0
198,198,1,0.01329,0,0,0,0,0,0,0,0
199,199,1,0.41942,0,0,0,0,0,0,0,0
200,200,1,0.01167,0,0,0,0.00045,0,0.00028,0,0.00035
201,201,1,0.01112,0,0,0,0.00267,0,0.00306,0,0
202,202,1,0.02008,0,0,0,0,0,0,0,0
203,203,1,0.01709,0,0,0,0,0,0,0,0
204,204,1,0.04178,0,0,0,0,0,0,0,0
205,205,1,0.02387,0,0,0,0,0,0,0,0
206,206,1,0.42458,0,0,0,0,0,0,0,0
207,207,1,0.42431,0,0,0,0,0,0,0,0
208,208,1,0.18584,0,0,0,0,0,0,0,0
209,209,1,0.0955,0,0,0,0,0,0,0,0
210,210,1,0.01031,0,0,0,0.01463,0,0.01496,0,0.0149
211,211,1,0.01112,0,0,0,5e-05,0,4e-04,0,0.00038
212,212,1,0.06593,0,0,0,0,0,0,0,0
213,213,1,0.02333,0,0,0,0.00429,0,0.00318,0,0.00516
214,214,1,0.43028,0,0,0,0,0,0,0,0
215,215,1,0.02089,0,0,0,0,0,0,0,0
216,216,1,0.01167,0,0,0,0.00045,0,0.00028,0,0.00035
217,217,1,0.33532,0,0,0,0,0,0,0,0
218,218,1,0.25068,0,0,0,0,0,0,0,0
219,219,1,0.17363,0,0,0,0,0,0,0,0
220,220,1,0.33505,0,0,0,0,0,0,0,0
221,221,1,0.42838,0,0,0,0,0,0,0,0
222,222,1,0.07325,0,0,0,0,0,0,0,0
223,223,1,0.42838,0,0,0,0,0,0,0,0
224,224,1,0.01601,0,0,0,0,0,0,0,0
225,225,1,0.40152,0,0,0,0,0,0,0,0
226,226,1,0.42024,0,0,0,0,0,0,0,0
227,227,1,0.06538,0,0,0,0,0,0,0,0
228,228,1,0.04368,0,0,0,0,0,0,0,0
229,229,1,0.40152,0,0,0,0,0,0,0,0
230,230,1,0.01356,0,0,0,0,0,0,0,0
231,231,1,0.01682,0,0,0,0,0,0,0,0
232,232,1,0.42241,0,0,0,0,0,0,0,0
233,233,1,0.01872,0,0,0,0,0,0,0,0
234,234,1,0.14894,0,0,0,0,0,0,0,0
235,235,1,0.01275,0,0,0,0,0,0,0,0
236,236,1,0.01872,0,0,0,0,0,0,0,0
237,237,1,0.18367,0,0,0,0,0,0,0,0
238,238,1,0.02008,0,0,0,0,0,0,0,0
239,239,1,0.01356,0,0,0,0,0,0,0,0
240,240,1,0.1465,0,0,0,0,0,0,0,0
241,241,1,0.42973,0,0,0,0,0,0,0,0
242,242,1,0.01221,0,0,0,0,0,0,0,0
243,243,1,0.01167,0,0,0,0.00045,0,0.00028,0,0.00035
244,244,1,0.12073,0,0,0,0,0,0,0,0
245,245,1,0.06565,0,0,0,0,0,0,0,0
246,246,1,0.01356,0,0,0,0,0,0,0,0
247,247,1,0.01356,0,0,0,0.0131,0,0.01457,0,0.01053
248,248,1,0.41563,0,0,0,0,0,0,0,0
249,249,1,0.16522,0,0,0,0,0,0,0,0
250,250,1,0.42349,0,0,0,0,0,0,0,0
251,251,1,0.01356,0,0,0,0.00359,0,0.00452,0,0.00155
252,252,1,0.02008,0,0,0,0,0,0,0,0
253,253,1,0.01112,0,0,0,0,0,0,0,0
254,254,1,0.06565,0,0,0,0,0,0,0,0
255,255,1,0.13049,0,0,0,0,0,0,0,0
256,256,1,0.01356,0,0,0,0,0,0,0,0
257,257,1,0.09685,0,0,0,0,0,0,0,0
258,258,1,0.18557,0,0,0,0,0,0,0,0
259,259,1,0.42377,0,0,0,0,0,0,0,0
260,260,1,0.02008,0,0,0,0,0,0,0,0
261,261,1,0.25393,0,0,0,0,0,0,0,0
262,262,1,0.14623,0,0,0,0,0,0,0,0
263,263,1,0.42241,0,0,0,0,0,0,0,0
264,264,1,0.01194,0,0,0,0,0,0,0,0
265,265,1,0.1815,0,0,0,0,0,0,0,0
266,266,1,0.41346,0,0,0,0,0,0,0,0
267,267,1,0.01085,0,0,0,0,0,0,0,0
268,268,1,0.41237,0,0,0,0,0,0,0,0
269,269,1,0.02008,0,0,0,0,0,0,0,0
270,270,1,0.39447,0,0,0,0,0,0,0,0
271,271,1,0.37873,0,0,0,0,0,0,0,0
272,272,1,0.4216,0,0,0,0,0,0,0,0
273,273,1,0.41156,0,0,0,0,0,0,0,0
274,274,1,0.4216,0,0,0,0,0,0,0,0
275,275,1,0.4216,0,0,0,0,0,0,0,0
276,276,1,0.06077,0,0,0,0,0,0,0,0
277,277,1,0.41427,0,0,0,0,0,0,0,0
278,278,1,0.1663,0,0,0,0,0,0,0,0
279,279,1,0.01085,0,0,0,0,0,0,0,0
280,280,1,0.42187,0,0,0,0,0,0,0,0
281,281,1,0.42187,0,0,0,0,0,0,0,0
282,282,1,0.42187,0,0,0,0,0,0,0,0
283,283,1,0.01302,0,0,0,0,0,0,0,0
284,284,1,0.41373,0,0,0,0,0,0,0,0
285,285,1,0.4216,0,0,0,0,0,0,0,0
286,286,1,0.16658,0,0,0,0,0,0,0,0
287,287,1,0.42187,0,0,0,0,0,0,0,0
288,288,1,0.33315,0,0,0,0,0,0,0,0
289,289,1,0.414,0,0,0,0,0,0,0,0
290,290,1,0.20836,0,0,0,0,0,0,0,0
291,291,1,0.01329,0,0,0,0,0,0,0,0
292,292,1,0.41427,0,0,0,0,0,0,0,0
293,293,1,0.1663,0,0,0,0,0,0,0,0
294,294,1,0.04693,0,0,0,0,0,0,0,0
295,295,1,0.42404,0,0,0,0,0,0,0,0
296,296,1,0.17092,0,0,0,0,0,0,0,0
297,297,1,0.02415,0,0,0,0,0,0,0,0
298,298,1,0.37683,0,0,0,0,0,0,0,0
299,299,1,0.1701,0,0,0,0,0,0,0,0
300,300,1,0.36788,0,0,0,0,0,0,0,0
301,301,1,0.17065,0,0,0,0,0,0,0,0
302,302,1,0.47531,0,0,0,0,0,0,0,0
303,303,1,0.4045,0,0,0,0,0,0,0,0
304,304,1,0.4045,0,0,0,0,0,0,0,0
305,305,1,0.35024,0,0,0,0,0,0,0,0
306,306,1,0.01167,0,0,0,0,0,0,0,0
307,307,1,0.01411,0,0,0,0,0,0,0,0
308,308,1,0.40423,0,0,0,0,0,0,0,0
309,309,1,0.01872,0,0,0,0,0,0,0,0
310,310,1,0.41264,0,0,0,0,0,0,0,0
311,311,1,0.0529,0,0,0,0,0,0,0,0
312,312,1,0.01004,0,0,0,0,0,0,0,0
313,313,1,0.01763,0,0,0,0,0,0,0,0
314,314,1,0.01763,0,0,0,0,0,0,0,0
315,315,1,0.01791,0,0,0,0,0,0,0,0
316,316,1,0.4045,0,0,0,0,0,0,0,0
317,317,1,0.1701,0,0,0,0,0,0,0,0
318,318,1,0.172,0,0,0,0,0,0,0,0
319,319,1,0.46717,0,0,0,0,0,0,0,0
320,320,1,0.17227,0,0,0,0,0,0,0,0
321,321,1,0.17227,0,0,0,0,0,0,0,0
322,322,1,0.01872,0,0,0,0,0,0,0,0
323,323,1,0.04531,0,0,0,0,0,0,0,0
324,324,1,0.22382,0,0,0,0,0,0,0,0
325,325,1,0.40477,0,0,0,0,0,0,0,0
326,326,1,0.1994,0,0,0,0,0,0,0,0
327,327,1,0.17037,0,0,0,0,0,0,0,0
328,328,1,0.20076,0,0,0,0,0,0,0,0
329,329,1,0.40477,0,0,0,0,0,0,0,0
330,330,1,0.414,0,0,0,0,0,0,0,0
331,331,1,0.40532,0,0,0,0,0,0,0,0
332,332,1,0.17254,0,0,0,0,0,0,0,0
333,333,1,0.40505,0,0,0,0,0,0,0,0
334,334,1,0.13212,0,0,0,0,0,0,0,0
335,335,1,0.16983,0,0,0,0,0,0,0,0
336,336,1,0.03852,0,0,0,0,0,0,0,0
337,337,1,0.1663,0,0,0,0,0,0,0,0
338,338,1,0.1701,0,0,0,0,0,0,0,0
339,339,1,0.01465,0,0,0,0,0,0,0,0
340,340,1,0.1701,0,0,0,0,0,0,0,0
341,341,1,0.06755,0,0,0.00202,0,0.00439,0,0.00174,0
342,342,1,0.12154,0,0,0.02729,0,0.02751,0,0.02795,0
343,343,1,0.39989,0,0,0.01596,0,0.01864,0,0.01496,0
344,344,1,0.01221,0,0,0,0,0,0,0,0
345,345,1,0.49729,0,0,0,0,0,0,0,0
346,346,1,0.44004,0,0,0,0,0,0,0,0
347,347,1,0.14433,0,0,0.03771,0.01348,0.03648,0.01399,0.03145,0.00786
348,348,1,0.22301,0,0,0.05305,0.03011,0.05279,0.03142,0.05239,0.03163
349,349,1,0.06728,0,0,0.05676,0,0.05411,0,0.05866,0
350,350,1,0.01004,0,0,0,0,0,0,0,0
351,351,1,0.2599,0,0,0.03844,0,0.03734,0,0.03716,0
352,352,1,0.28052,0,0,1e-05,0,0,0,1e-05,0
353,353,1,0.01085,0,0,6e-05,0.00467,0,0.00134,2e-05,0.00505
354,354,1,0.08275,0,0,0,0,0,0,0,0
355,355,1,0.02252,0,0,0,0,0,0,0,0
356,356,1,0.01655,0,0,0,0,0,0,0,0
357,357,1,0.30141,0,0,0,0,0,0,0,0
358,358,1,0.29517,0,0,0,0,0,0,0,0
359,359,1,0.44113,0,0,6e-05,0,0,0,2e-05,0
360,360,1,0.10174,0,0,0,0,0,0,0,0
361,361,1,0.25882,0,0,0,0,0,0,0,0
362,362,1,0.36761,0,0,3e-05,0,0,0,1e-05,0
363,363,1,0.10499,0,0,0,0,0,0,0,0
364,364,1,0.02035,0,0,0,0,0,0,0,0
365,365,1,0.02279,0,0,0,0,0,0,0,0
366,366,1,0.06321,0,0,0,0,0,0,0,0
367,367,1,0.12805,0,0,0,0,0,0,0,0
368,368,1,0.23766,0,0,0,0,0,0,0,0
369,369,1,0.01221,0,0,1e-05,0,0,0,0,0
370,370,1,0.23332,0,0,0,0,0,0,0,0
371,371,1,0.04124,0,0,0.00027,0.16414,0,0.16024,1e-04,0.16467
372,372,1,0.23766,0,0,0,0,0,0,0,0
373,373,1,0.02686,0,0,0,0,0,0,0,0
374,374,1,0.03717,0,0,0.00031,0.09791,0,0.09864,0.00011,0.09927
375,375,1,0.03228,0,0,0.00016,0.01844,0,0.01851,6e-05,0.01828
376,376,1,0.1115,0,0,0,0,0,0,0,0
377,377,1,0.23603,0,0,0,0,0,0,0,0
378,378,1,0.23603,0,0,0,0,0,0,0,0
379,379,1,0.03256,0,0,0.00016,0.00593,0,0.00586,6e-05,0.00582
380,380,1,0.11096,0,0,0,0,0,0,0,0
381,381,1,0.11069,0,0,0,0,0,0,0,0
382,382,1,0.07949,0,0,0,0,0,0,0,0
383,383,1,0.02143,0,0,0,0,0,0,0,0
384,384,1,0.11069,0,0,0,0,0,0,0,0
385,385,1,0.11069,0,0,0,0,0,0,0,0
386,386,1,0.0217,0,0,0,0,0,0,0,0
387,387,1,0.03228,0,0,0.00016,0.01844,0,0.01851,6e-05,0.01828
388,388,1,0.03228,0,0,0.00016,0.01844,0,0.01851,6e-05,0.01828
389,389,1,0.25203,0,0,5e-05,0,0,0,2e-05,0
390,390,1,0.37493,0,0,2e-05,0,0,0,1e-05,0
391,391,1,0.10255,0,0,0,0,0,0,0,0
392,392,1,0.02089,0,0,0,0,0,0,0,0
393,393,1,0.14433,0,0,9e-05,0,0,0,3e-05,0
394,394,1,0.03581,0,0,0,0,0,0,0,0
395,395,1,0.08871,0,0,0,0,0,0,0,0
396,396,1,0.02225,0,0,0,0,0,0,0,0
397,397,1,0.01058,0,0,0,0.00366,0,0.0031,0,0.00444
398,398,1,0.03445,0,0,0.00015,0.00457,0,0.00631,6e-05,0.00483
399,399,1,0.08139,0,0,0,0,0,0,0,0
400,400,1,0.10309,0,0,0,0,0,0,0,0
401,401,1,0.11123,0,0,0,0,0,0,0,0
402,402,1,0.02225,0,0,0,0,0,0,0,0
403,403,1,0.02387,0,0,0,0,0,0,0,0
404,404,1,0.28676,0,0,2e-05,0,0,0,1e-05,0
405,405,1,0.29029,0,0,2e-05,0,0,0,1e-05,0
406,406,1,0.28947,0,0,1e-05,0,0,0,1e-05,0
407,407,1,0.09197,0,0,0,0,0,0,0,0
408,408,1,0.09333,0,0,0,0,0,0,0,0
409,409,1,0.08654,0,0,0,0,0,0,0,0
410,410,1,0.1248,0,0,7e-05,0,0,0,3e-05,0
411,411,1,0.2892,0,0,1e-05,0,0,0,1e-05,0
412,412,1,0.1115,0,0,0,0,0,0,0,0
413,413,1,0.02035,0,0,0,0,0,0,0,0
414,414,1,0.02143,0,0,0,0,0,0,0,0
415,415,1,0.13972,0,0,9e-05,0,0,0,3e-05,0
416,416,1,0.0898,0,0,0,0,0,0,0,0
417,417,1,0.01112,0,0,2e-05,0,0,0,1e-05,0
418,418,1,0.01194,0,0,0,0,0,0,0,0
419,419,1,0.2892,0,0,2e-05,0,0,0,1e-05,0
420,420,1,0.07759,0,0,0,0,0,0,0,0
421,421,1,0.28893,0,0,2e-05,0,0,0,1e-05,0
422,422,1,0.28893,0,0,2e-05,0,0,0,1e-05,0
423,423,1,0.03283,0,0,0.00016,0.01924,0,0.01935,6e-05,0.01901
424,424,1,0.14921,0,0,8e-05,0,0,0,3e-05,0
425,425,1,0.08817,0,0,0,0,0,0,0,0
426,426,1,0.08817,0,0,0,0,0,0,0,0
427,427,1,0.11612,0,0,0,0,0,0,0,0
428,428,1,0.03283,0,0,0.00016,0.01924,0,0.01935,6e-05,0.01901
429,429,1,0.03283,0,0,0.00016,0.01924,0,0.01935,6e-05,0.01901
430,430,1,0.02442,0,0,0,0,0,0,0,0
431,431,1,0.02713,0,0,1e-05,0,0,0,0,0
432,432,1,0.1134,0,0,0,0,0,0,0,0
433,433,1,0.32827,0,0,2e-05,0,0,0,1e-05,0
434,434,1,0.11123,0,0,0,0,0,0,0,0
435,435,1,0.1115,0,0,0,0,0,0,0,0
436,436,1,0.086,0,0,0,0,0,0,0,0
437,437,1,0.10988,0,0,0,0,0,0,0,0
438,438,1,0.1096,0,0,0,0,0,0,0,0
439,439,1,0.11313,0,0,0,0,0,0,0,0
440,440,1,0.11747,0,0,0,0,0,0,0,0
441,441,1,0.11394,0,0,0,0,0,0,0,0
442,442,1,0.0917,0,0,0,0,0,0,0,0
443,443,1,0.11639,0,0,0,0,0,0,0,0
444,444,1,0.11123,0,0,0,0,0,0,0,0
445,445,1,0.11639,0,0,0,0,0,0,0,0
446,446,1,0.11639,0,0,0,0,0,0,0,0
447,447,1,0.01356,0,0,0,0,0,0,0,0
448,448,1,0.01601,0,0,0,0,0,0,0,0
449,449,1,0.0331,0,0,0.00016,0.00685,0,0.00682,6e-05,0.00668
450,450,1,0.01194,0,0,0,0,0,0,0,0
451,451,1,0.09197,0,0,0,0,0,0,0,0
452,452,1,0.02116,0,0,0,0,0,0,0,0
453,453,1,0.11639,0,0,0,0,0,0,0,0
454,454,1,0.11666,0,0,0,0,0,0,0,0
455,455,1,0.11639,0,0,0,0,0,0,0,0
456,456,1,0.0917,0,0,0,0,0,0,0,0
457,457,1,0.11639,0,0,0,0,0,0,0,0
458,458,1,0.11639,0,0,0,0,0,0,0,0
459,459,1,0.28866,0,0,2e-05,0,0,0,1e-05,0
460,460,1,0.28893,0,0,2e-05,0,0,0,1e-05,0
461,461,1,0.11476,0,0,0,0,0,0,0,0
462,462,1,0.11286,0,0,0,0,0,0,0,0
463,463,1,0.02116,0,0,0,0,0,0,0,0
464,464,1,0.0917,0,0,0,0,0,0,0,0
465,465,1,0.02496,0,0,0,0,0,0,0,0
466,466,1,0.11259,0,0,0,0,0,0,0,0
467,467,1,0.03663,0,0,0.00014,0,0,0,5e-05,0
468,468,1,0.02116,0,0,0,0,0,0,0,0
469,469,1,0.03663,0,0,0.00014,0,0,0,5e-05,0
470,470,1,0.11286,0,0,0,0,0,0,0,0
471,471,1,0.14948,0,0,7e-05,0,0,0,3e-05,0
472,472,1,0.07732,0,0,0,0,0,0,0,0
473,473,1,0.09441,0,0,0,0,0,0,0,0
474,474,1,0.11259,0,0,0,0,0,0,0,0
475,475,1,0.0331,0,0,0.00016,0.00685,0,0.00682,6e-05,0.00668
476,476,1,0.13782,0,0,0,0,0,0,0,0
477,477,1,0.0331,0,0,0.00016,0.00685,0,0.00682,6e-05,0.00668
478,478,1,0.33424,0,0,2e-05,0,0,0,1e-05,0
479,479,1,0.13077,0,0,0,0.01144,0,0.00831,0,0.01143
480,480,1,0.11286,0,0,0,0,0,0,0,0
481,481,1,0.03663,0,0,0.00014,0,0,0,5e-05,0
482,482,1,0.0331,0,0,0.00016,0.00685,0,0.00682,6e-05,0.00668
483,483,1,0.14921,0,0,7e-05,0,0,0,3e-05,0
484,484,1,0.11639,0,0,0,0,0,0,0,0
485,485,1,0.03283,0,0,0.00015,0,0,0,6e-05,0
486,486,1,0.0331,0,0,0.00016,0.00685,0,0.00682,6e-05,0.00668
487,487,1,0.0331,0,0,0.00016,0.00685,0,0.00682,6e-05,0.00668
488,488,1,0.09143,0,0,0,0,0,0,0,0
489,489,1,0.03256,0,0,0.00016,0.0224,0,0.02261,6e-05,0.02192
490,490,1,0.11205,0,0,0,0,0,0,0,0
491,491,1,0.3223,0,0,2e-05,0,0,0,1e-05,0
492,492,1,0.03717,0,0,1e-05,0,0,0,1e-05,0
493,493,1,0.03391,0,0,1e-05,0,0,0,1e-05,0
494,494,1,0.03527,0,0,2e-05,0.00907,0,0.01111,1e-05,0.00939
495,495,1,0.01112,0,0,2e-05,0,0,0,1e-05,0
496,496,1,0.01112,0,0,2e-05,0,0,0,1e-05,0
497,497,1,0.02442,0,0,0,0,0,0,0,0
498,498,1,0.01139,0,0,2e-05,0,0,0,1e-05,0
499,499,1,0.03581,0,0,1e-05,0,0,0.00076,1e-05,0
500,500,1,0.11557,0,0,0,0,0,0,0,0
501,501,1,0.03608,0,0,1e-05,0,0,0.00129,1e-05,0
502,502,1,0.328,0,0,1e-05,0,0,0,0,0
503,503,1,0.03228,0,0,0.00014,0,0,0,5e-05,0
504,504,1,0.03473,0,0,0,0,0,0,0,0
505,505,1,0.03527,0,0,1e-05,0,0,0,0,0
506,506,1,0.28974,0,0,2e-05,0,0,0,1e-05,0
507,507,1,0.06864,0,0,0,0,0,0,0,0
508,508,1,0.29029,0,0,2e-05,0,0,0,1e-05,0
509,509,1,0.21297,0,0,0,0,0,0,0,0
510,510,1,0.21324,0,0,0,0,0,0,0,0
511,511,1,0.01574,0,0,0,0,0,0,0,0
512,512,1,0.28947,0,0,2e-05,0,0,0,1e-05,0
513,513,1,0.02415,0,0,0,0,0,0,0,0
514,514,1,0.34048,0,0,1e-05,0,0,0,0,0
515,515,1,0.02415,0,0,0,0,0,0,0,0
516,516,1,0.02415,0,0,0,0,0,0,0,0
517,517,1,0.02903,0,0,0.00013,0,0,0,5e-05,0
518,518,1,0.11422,0,0,0,0,0,0,0,0
519,519,1,0.02469,0,0,0,0,0,0,0,0
520,520,1,0.01112,0,0,2e-05,0,0,0,1e-05,0
521,521,1,0.02415,0,0,0,0,0,0,0,0
522,522,1,0.02333,0,0,0,0,0,0,0,0
523,523,1,0.02442,0,0,0,0,0,0,0,0
524,524,1,0.02333,0,0,0,0,0,0,0,0
525,525,1,0.20103,0,0,0,0,0,0,0,0
526,526,1,0.02333,0,0,0,0,0,0,0,0
527,527,1,0.01438,0,0,1e-05,0,0,0,0,0
528,528,1,0.01438,0,0,0,0,0,0,0,6e-05
529,529,1,0.21541,0,0,0,0,0,0,0,0
530,530,1,0.02442,0,0,0,0,0,1e-05,0,0
531,531,1,0.02333,0,0,0,0,0,0,0,0
532,532,1,0.02442,0,0,0,0,0,1e-05,0,0
533,533,1,0.06593,0,0,0,0,0,0,0,0
534,534,1,0.02469,0,0,0,0,0,0,0,0
535,535,1,0.02469,0,0,0,0,0,0,0,0
536,536,1,0.02469,0,0,0,0,0,0,0,0
537,537,1,0.28188,0,0,2e-05,0,0,0,1e-05,0
538,538,1,0.41373,0,0,1e-05,0,0,0,0,0
539,539,1,0.02442,0,0,0,0,0,1e-05,0,0
540,540,1,0.09821,0,0,0,0,0,0,0,0
541,541,1,0.48291,0,0,1e-05,0,0,0,0,0
542,542,1,0.12046,0,0,0,0,0,0,0,0
543,543,1,0.29164,0,0,2e-05,0,0,0,1e-05,0
544,544,1,0.36137,0,0,1e-05,0,0,0,0,0
545,545,1,0.414,0,0,1e-05,0,0,0,0,0
546,546,1,0.02442,0,0,0,0,0,1e-05,0,0
547,547,1,0.06945,0,0,0,0,0,0,0,0
548,548,1,0.03391,0,0,0.00013,0,0,0,5e-05,0
549,549,1,0.33885,0,0,1e-05,0,0,0,0,0
550,550,1,0.03418,0,0,0.00013,0,0,0,5e-05,0
551,551,1,0.28215,0,0,2e-05,0,0,0,1e-05,0
552,552,1,0.02469,0,0,0,5e-04,0,0.00028,0,1e-05
553,553,1,0.02659,0,0,0,0,0,0,0,0
554,554,1,0.02794,0,0,1e-05,0,0,0,0,0
555,555,1,0.31362,0,0,2e-05,0,0,0,1e-05,0
556,556,1,0.02442,0,0,0,0,0,1e-05,0,0
557,557,1,0.27998,0,0,1e-05,0,0,0,0,0
558,558,1,0.03391,0,0,0,0,0,0,0,0
559,559,1,0.03337,0,0,4e-05,0,0,0,1e-05,0
560,560,1,0.28459,0,0,1e-05,0,0,0,0,0
561,561,1,0.06511,0,0,0,0,0,0,0,0
562,562,1,0.28486,0,0,1e-05,0,0,0,0,0
563,563,1,0.06375,0,0,0,0,0,0,0,0
564,564,1,0.31172,0,0,1e-05,0,0,0,0,0
565,565,1,0.11666,0,0,0,0,0,0,0,0
566,566,1,0.31552,0,0,0,0,0,0,0,0
567,567,1,0.26967,0,0,0,0,0,0,0,0
568,568,1,0.01085,0,0,1e-05,0,0,0,0,0
569,569,1,0.06918,0,0,0,0,0,0,0,0
570,570,1,0.02333,0,0,0,0,0,0,0,0
571,571,1,0.26696,0,0,0,0,0,0,0,0
572,572,1,0.33993,0,0,1e-05,0.01513,0,0.01305,0,0.01985
573,573,1,0.35241,0,0,1e-05,0,0,0,0,0
574,574,1,0.27482,0,0,0,0,0,0,0,0
575,575,1,0.02333,0,0,0,0,0,0,0,0
576,576,1,0.03256,0,0,0,0.00058,0,0,0,0.00049
577,577,1,0.03228,0,0,0,0.00049,0,0,0,0.00041
578,578,1,0.35296,0,0,1e-05,0,0,0,0,0
579,579,1,0.38443,0,0,0,0,0,0,0,0
580,580,1,0.35241,0,0,1e-05,0,0,0,0,0
581,581,1,0.03228,0,0,0,0.00049,0,0,0,0.00041
582,582,1,0.27292,0,0,0,0,0,0,0,0
583,583,1,0.03228,0,0,0,0.00049,0,0,0,0.00041
584,584,1,0.3847,0,0,0,0,0,0,0,0
585,585,1,0.08627,0,0,0,0,0,0,0,0
586,586,1,0.02089,0,0,0,0,0,0,0,0
587,587,1,0.35241,0,0,1e-05,0,0,0,0,0
588,588,1,0.0293,0,0,0,0,0,0,0,0
589,589,1,0.3847,0,0,0,0,0,0,0,0
590,590,1,0.3847,0,0,0,0,0,0,0,0
591,591,1,0.03228,0,0,0,0.00049,0,0,0,0.00041
592,592,1,0.02496,0,0,0,0,0,0,0,0
593,593,1,0.36245,0,0,0,0,0,0,0,0
594,594,1,0.02279,0,0,0,0,0,0,0,0
595,595,1,0.27021,0,0,0,0,0,0,0,0
596,596,1,0.27103,0,0,0,0,0,0,0,0
597,597,1,0.21839,0,0,0,0,0,0,0,0
598,598,1,0.06972,0,0,0,0,0,0,0,0
599,599,1,0.02442,0,0,0,0,0,1e-05,0,0
600,600,1,0.35269,0,0,1e-05,0,0,0,0,0
601,601,1,0.35269,0,0,1e-05,0,0,0,0,0
602,602,1,0.02442,0,0,0,0,0,1e-05,0,0
603,603,1,0.35241,0,0,1e-05,0,0,0,0,0
604,604,1,0.35241,0,0,1e-05,0,0,0,0,0
605,605,1,0.02442,0,0,0,0,0,1e-05,0,0
606,606,1,0.02387,0,0,0,0,0,0,0,0
607,607,1,0.03201,0,0,0,0.00124,0,1e-05,0,0.00113
608,608,1,0.02496,0,0,0,0,0,0,0,0
609,609,1,0.29598,0,0,1e-05,0,0,0,0,0
610,610,1,0.35214,0,0,1e-05,0,0,0,0,0
611,611,1,0.0198,0,0,0,0,0,0,0,0
612,612,1,0.35214,0,0,1e-05,0,0,0,0,0
613,613,1,0.06972,0,0,0,0,0,0,0,0
614,614,1,0.27537,0,0,0,0,0,0,0,0
615,615,1,0.28242,0,0,1e-05,0,0,0,0,0
616,616,1,0.30412,0,0,1e-05,0,0,0,0,0
617,617,1,0.02333,0,0,0,0,0,0,0,0
618,618,1,0.27509,0,0,0,0,0,0,0,0
619,619,1,0.3535,0,0,1e-05,0,0,0,0,0
620,620,1,0.01058,0,0,1e-05,0,0,0,0,0
621,621,1,0.06972,0,0,0,0,0,0,0,0
622,622,1,0.1172,0,0,0,0,0,0,0,0
623,623,1,0.02496,0,0,0,0,0,0,0,0
624,624,1,0.06945,0,0,0,0,0,0,0,0
625,625,1,0.11774,0,0,6e-05,0,0,0,2e-05,0
626,626,1,0.30684,0,0,2e-05,0,0,0,1e-05,0
627,627,1,0.02469,0,0,0,0,0,0,0,0
628,628,1,0.01139,0,0,1e-05,0,0,0,0,0
629,629,1,0.30385,0,0,1e-05,0,0,0,0,0
630,630,1,0.01167,0,0,1e-05,0,0,0,0,0
631,631,1,0.30548,0,0,1e-05,0,0,0,0,0
632,632,1,0.24552,0,0,1e-05,0,0,0,0,0
633,633,1,0.43353,0,0,1e-05,0,0,0,0,0
634,634,1,0.1172,0,0,4e-05,0,0,0,2e-05,0
635,635,1,0.02225,0,0,0,0,0,0,0,0
636,636,1,0.43245,0,0,1e-05,0,0,0,0,0
637,637,1,0.01139,0,0,1e-05,0,0,0,0,0
638,638,1,0.20022,0,0,0,0,0,0,0,0
639,639,1,0.27103,0,0,1e-05,0,0,0,0,0
640,640,1,0.01139,0,0,1e-05,0,0,0,0,0
641,641,1,0.19235,0,0,0,0,0,0,0,0
642,642,1,0.1834,0,0,0,0,0,0,0,0
643,643,1,0.19398,0,0,0,0,0,0,0,0
644,644,1,0.19425,0,0,0,0,0,0,0,0
645,645,1,0.06837,0,0,0,0,0,0,0,0
646,646,1,0.18313,0,0,0,0,0,0,0,0
647,647,1,0.03988,0,0,0,0,0,0,0,0
648,648,1,0.19343,0,0,0,0,0,0,0,0
649,649,1,0.06837,0,0,0,0,0,0,0,0
650,650,1,0.06891,0,0,0,0,0,0,0,0
651,651,1,0.28649,0,0,3e-05,0,0,0,1e-05,0
652,652,1,0.19778,0,0,8e-05,0,0,0,3e-05,0
653,653,1,0.01546,0,0,1e-05,0.01294,0,0.01599,0,0.01299
654,654,1,0.28459,0,0,3e-05,0,0,0,1e-05,0
655,655,1,0.19398,0,0,8e-05,0,0,0,3e-05,0
656,656,1,0.12317,0,0,1e-04,0,0,0,4e-05,0
657,657,1,0.0879,0,0,0,0,0,0,0,0
658,658,1,0.08302,0,0,0,0,0,0,0,0
659,659,1,0.21215,0,0,0,0,0,0,0,0
660,660,1,0.19316,0,0,8e-05,0,0,0,3e-05,0
661,661,1,0.28459,0,0,2e-05,0,0,0,1e-05,0
662,662,1,0.01384,0,0,4e-05,0,0,0,1e-05,0
663,663,1,0.13104,0,0,0.00022,0,0,0,8e-05,0
664,664,1,0.03391,0,0,0,0,0,0,0,0
665,665,1,0.19235,0,0,3e-05,0,0,0,1e-05,0
666,666,1,0.137,0,0,0.00041,0,0,0,0.00015,0
667,667,1,0.1541,0,0,0,0.01105,0,0.01188,0,0.01383
668,668,1,0.02442,0,0,0,0,0,0,0,0
669,669,1,0.03635,0,0,0,0,0,0,0,0
670,670,1,0.47341,0,0,0,0,0,0,0,0
671,671,1,0.23304,0,0,0,0,0,0,0,0
672,672,1,0.44059,0,0,0,0.00735,0,0.00495,0,0.0037
673,673,1,0.05426,0,0,0,0.00131,0,0.00014,0,0.00253
674,674,1,0.01031,0,0,0,0,0,0,0,0
675,675,1,0.22545,0,0,0,0,0,0,0,0
676,676,1,0.15464,0,0,0,0,0,0,0,0
677,677,1,0.12887,0,0,0,0,0,0,0,0
678,678,1,0.02387,0,0,0,0.00163,0,0.00162,0,0.00113
679,679,1,0.0236,0,0,0,0,0,0,0,0
680,680,1,0.12832,0,0,0,0,0,0,0,0
681,681,1,0.36815,0,0,0,0,0,7e-05,0,8e-05
682,682,1,0.23928,0,0,0,0,0,0,0,0
683,683,1,0.15545,0,0,0,0,0,0,0,0
684,684,1,0.13077,0,0,0,0,0,0,0,0
685,685,1,0.33939,0,0,0,0.06423,0,0.06614,0,0.0672
686,686,1,0.33966,0,0,0,0,0,0,0,0
687,687,1,0.48291,0,0,0,0,0,0,0,0
688,688,1,0.01709,0,0,0,0,0,0,0,0
689,689,1,0.49864,0,0,0,0,0,0,0,0
690,690,1,0.137,0,0,0,0,0,0,0,0
691,691,1,0.07542,0,0,0,0,0,0,0,0
692,692,1,0.29164,0,0,0,0,0,0,0,0
693,693,1,0.16169,0,0,0,0,0,0,0,0
694,694,1,0.1172,0,0,0,0,0,0,0,0
695,695,1,0.32718,0,0,0,0,0,0,0,0
696,696,1,0.49485,0,0,0,0,0,0,0,0
697,697,1,0.40206,0,0,0,0,0,0,0,0
698,698,1,0.24715,0,0,0,0,0,0,0,0
699,699,1,0.49512,0,0,0,0,0,0,0,0
700,700,1,0.49512,0,0,0,0,0,0,0,0
701,701,1,0.49864,0,0,0,0,0,0,0,0
702,702,1,0.02333,0,0,0,0.00562,0,0.00552,0,0.00489
703,703,1,0.45849,0,0,0,0,0,0,0,0
704,704,1,0.16115,0,0,0,0,0,0,0,0
705,705,1,0.16115,0,0,0,0,0,0,0,0
706,706,1,0.13673,0,0,0,0,0,0,0,0
707,707,1,0.49864,0,0,0,0,0,0,0,0
708,708,1,0.16115,0,0,0,0,0,0,0,0
709,709,1,0.48128,0,0,0,0,0,0,0,0
710,710,1,0.06864,0,0,0,0,0,0,0,0
711,711,1,0.08193,0,0,0,0,0,0,0,0
712,712,1,0.46012,0,0,0,0,0,0,0,0
713,713,1,0.04856,0,0,0,0,0,0,0,0
714,714,1,0.01601,0,0,0,0.00254,0,0,0,0.00205
715,715,1,0.2146,0,0,0,0,0,0,0,0
716,716,1,0.04856,0,0,0,0,0,0,0,0
717,717,1,0.01194,0,0,0,0,0,0,0,0
718,718,1,0.39609,0,0,0,0,0,0,0,0
719,719,1,0.39881,0,0,0,0,0,0,0,0
720,720,1,0.06999,0,0,0,0,0,0,0,0
721,721,1,0.08166,0,0,0,0,0,0,0,0
722,722,1,0.13239,0,0,0,0,0,0,0,0
723,723,1,0.20456,0,0,0,0,0,0,0,0
724,724,1,0.39691,0,0,0,0,0,0,0,0
725,725,1,0.17282,0,0,0,0,0,0,0,0
726,726,1,0.01763,0,0,0,0,0,0,0,0
727,727,1,0.39935,0,0,0,0,0,0,0,0
728,728,1,0.02089,0,0,0,0,0,0,0,0
729,729,1,0.01302,0,0,0,0,0,0,0,0
730,730,1,0.19316,0,0,0,0,0,0,0,0
731,731,1,0.20374,0,0,0,0,0,0,0,0
732,732,1,0.02089,0,0,0,0,0,0,0,0
733,733,1,0.09957,0,0,0,0,0,0,0,0
734,734,1,0.01411,0,0,0,0,0,0,0,0
735,735,1,0.19371,0,0,0,0,0,0,0,0
736,736,1,0.02252,0,0,0,0,0,0,0,0
737,737,1,0.02252,0,0,0,0,0,0,0,0
738,738,1,0.01872,0,0,0,0,0,0,0,0
739,739,1,0.01058,0,0,0,1e-05,0,0.00022,0,0
740,740,1,0.38768,0,0,0,0,0,0,0,0
741,741,1,0.01194,0,0,0,0,0,0,0,0
742,742,1,0.20429,0,0,0,0,0,0,0,0
743,743,1,0.06972,0,0,0,0,0,0,0,0
744,744,1,0.01194,0,0,0,0,0,0,0,0
745,745,1,0.45144,0,0,0,0,0,0,0,0
746,746,1,0.33288,0,0,0,0,0,0,0,0
747,747,1,0.32827,0,0,0,0,0,0,0,0
748,748,1,0.4509,0,0,0,0,0,0,0,0
749,749,1,0.19615,0,0,0,0,0,0,0,0
750,750,1,0.13538,0,0,0,0,0,0,0,0
751,751,1,0.06864,0,0,0,0,0,0,0,0
752,752,1,0.19615,0,0,0,0,0,0,0,0
753,753,1,0.45144,0,0,0,0,0,0,0,0
754,754,1,0.01818,0,0,0,0,0,0,0,0
755,755,1,0.01167,0,0,0,0.00432,0,0.0059,0,0.00402
756,756,1,0.20347,0,0,0,0,0,0,0,0
757,757,1,0.01682,0,0,0,0.01231,0,0.01418,0,0.00583
758,758,1,0.46961,0,0,0,0,0,0,0,0
759,759,1,0.20347,0,0,0,0,0,0,0,0
760,760,1,0.19642,0,0,0,0,0,0,0,0
761,761,1,0.19615,0,0,0,0,0,0,0,0
762,762,1,0.13538,0,0,0,0,0,0,0,0
763,763,1,0.19642,0,0,0,0,0,0,0,0
764,764,1,0.2561,0,0,0,0,0,0,0,0
765,765,1,0.2561,0,0,0,0,0,0,0,0
766,766,1,0.13755,0,0,0,0,0,0,0,0
767,767,1,0.19398,0,0,0,0,0,0,0,0
768,768,1,0.01736,0,0,0,0,0,0,0,0
769,769,1,0.44981,0,0,0,0,0,0,0,0
770,770,1,0.13782,0,0,0,0,0,0,0,0
771,771,1,0.20347,0,0,0,0,0,0,0,0
772,772,1,0.20347,0,0,0,0,0,0,0,0
773,773,1,0.17553,0,0,0,0,0,0,0,0
774,774,1,0.01085,0,0,0,0,0,0,0,0
775,775,1,0.01411,0,0,0,0,0,0,0,0
776,776,1,0.19588,0,0,0,0,0,0,0,0
777,777,1,0.11693,0,0,0,0,0,0,0,0
778,778,1,0.32637,0,0,0,0,0,0,0,0
779,779,1,0.32718,0,0,0,0,0,0,0,0
780,780,1,0.01194,0,0,0,0,0,0,0,0
781,781,1,0.1956,0,0,0,0,0,0,0,0
782,782,1,0.47179,0,0,0,0,0,0,0,0
783,783,1,0.11666,0,0,0,0,0,0,0,0
784,784,1,0.11666,0,0,0,0,0,0,0,0
785,785,1,0.13538,0,0,0,0,0,0,0,0
786,786,1,0.01302,0,0,0,0,0,0,0,0
787,787,1,0.1956,0,0,0,0,0,0,0,0
788,788,1,0.13538,0,0,0,0,0,0,0,0
789,789,1,0.19588,0,0,0,0,0,0,0,0
790,790,1,0.15627,0,0,0,0,0,0,0,0
791,791,1,0.13592,0,0,0,0,0,0,0,0
792,792,1,0.32637,0,0,0,0,0,0,0,0
793,793,1,0.19588,0,0,0,0,0,0,0,0
794,794,1,0.01194,0,0,0,0,0,0,0,0
795,795,1,0.45144,0,0,0,0,0,0,0,0
796,796,1,0.19588,0,0,0,0,0,0,0,0
797,797,1,0.19588,0,0,0,0,0,0,0,0
798,798,1,0.20429,0,0,0,0,0,0,0,0
799,799,1,0.02469,0,0,0,0,0,0,0,0
800,800,1,0.19588,0,0,0,0,0,0,0,0
801,801,1,0.13565,0,0,0,0,0,0,0,0
802,802,1,0.20347,0,0,0,0,0,0,0,0
803,803,1,0.4509,0,0,0,0,0,0,0,0
804,804,1,0.20374,0,0,0,0,0,0,0,0
805,805,1,0.01845,0,0,0,0,0,0,0,0
806,806,1,0.1758,0,0,0,0,0,0,0,0
807,807,1,0.17607,0,0,0,0,0,0,0,0
808,808,1,0.33261,0,0,0,0,0,0,0,0
809,809,1,0.33261,0,0,0,0,0,0,0,0
810,810,1,0.32556,0,0,0,0,0,0,0,0
811,811,1,0.20347,0,0,0,0,0,0,0,0
812,812,1,0.13565,0,0,0,0,0,0,0,0
813,813,1,0.20266,0,0,0,0,0,0,0,0
814,814,1,0.01628,0,0,0,0,0,0,0,0
815,815,1,0.13185,0,0,0,0,0,0,0,0
816,816,1,0.0198,0,0,0,0.00491,0,0.00493,0,0.00384
817,817,1,0.20347,0,0,0,0,0,0,0,0
818,818,1,0.13538,0,0,0,0,0,0,0,0
819,819,1,0.01194,0,0,0,0,0,0,0,0
820,820,1,0.19615,0,0,0,0,0,0,0,0
821,821,1,0.13565,0,0,0,0,0,0,0,0
822,822,1,0.32746,0,0,0,0,0,0,0,0
823,823,1,0.19669,0,0,0,0,0,0,0,0
824,824,1,0.08247,0,0,0,0.04474,0,0.04441,0,0.04727
825,825,1,0.13565,0,0,0,0,0,0,0,0
826,826,1,0.20347,0,0,0,0,0,0,0,0
827,827,1,0.01167,0,0,0,0,0,0,0,0
828,828,1,0.32746,0,0,0,0,0,0,0,0
829,829,1,0.19615,0,0,0,0,0,0,0,0
830,830,1,0.33125,0,0,0,0,0,0,0,0
831,831,1,0.47558,0,0,0,0,0,0,0,0
832,832,1,0.20347,0,0,0,0,0,0,0,0
833,833,1,0.19642,0,0,0,0,0,0,0,0
834,834,1,0.20347,0,0,0,0,0,0,0,0
835,835,1,0.2032,0,0,0,0,0,0,0,0
836,836,1,0.20347,0,0,0,0,0,0,0,0
837,837,1,0.3299,0,0,0,0,0,0,0,0
838,838,1,0.13809,0,0,0,0,0,0,0,0
839,839,1,0.07271,0,0,0,0,0,0,0,0
840,840,1,0.13538,0,0,0,0,0,0,0,0
841,841,1,0.3261,0,0,0,0,0,0,0,0
842,842,1,0.03201,0,0,0,0,0,0,0,0
843,843,1,0.3318,0,0,0,0,0,0,0,0
844,844,1,0.19588,0,0,0,0,0,0,0,0
845,845,1,0.20347,0,0,0,0,0,0,0,0
846,846,1,0.20347,0,0,0,0,0,0,0,0
847,847,1,0.01194,0,0,0,0,0,0,0,0
848,848,1,0.01384,0,0,0,0,0,0,0,0
849,849,1,0.20808,0,0,0,0,0,0,0,0
850,850,1,0.20347,0,0,0,0,0,0,0,0
851,851,1,0.32583,0,0,0,0,0,0,0,0
852,852,1,0.19533,0,0,0,0,0,0,0,0
853,853,1,0.1956,0,0,0,0,0,0,0,0
854,854,1,0.01167,0,0,0,0,0,0,0,0
855,855,1,0.13565,0,0,0,0,0,0,0,0
856,856,1,0.01112,0,0,0,0,0,1e-05,0,0
857,857,1,0.19588,0,0,0,0,0,0,0,0
858,858,1,0.13592,0,0,0,0,0,0,0,0
859,859,1,0.13619,0,0,0,0,0,0,0,0
860,860,1,0.04693,0,0,0,0,0,0,0,0
861,861,1,0.13538,0,0,0,0,0,0,0,0
862,862,1,0.01194,0,0,0,0,0,0,0,0
863,863,1,0.13348,0,0,0,0,0,0,0,0
864,864,1,0.01194,0,0,0,0,0,0,0,0
865,865,1,0.04693,0,0,0,0,0,0,0,0
866,866,1,0.35377,0,0,0,0,0,0,0,0
867,867,1,0.13619,0,0,0,0,0,0,0,0
868,868,1,0.17553,0,0,0,0,0,0,0,0
869,869,1,0.02008,0,0,0,0,0,0,0,0
870,870,1,0.2032,0,0,0,0,0,0,0,0
871,871,1,0.01194,0,0,0,0,0,0,0,0
872,872,1,0.01194,0,0,0,0,0,0,0,0
873,873,1,0.0293,0,0,0,0,0,0,0,0
874,874,1,0.13538,0,0,0,0,0,0,0,0
875,875,1,0.19615,0,0,0,0,0,0,0,0
876,876,1,0.02116,0,0,0,0,0,0,0,0
877,877,1,0.06403,0,0,0,0,0,0,0,0
878,878,1,0.32311,0,0,0,0,0,0,0,0
879,879,1,0.20374,0,0,0,0,0,0,0,0
880,880,1,0.13565,0,0,0,0,0,0,0,0
881,881,1,0.2032,0,0,0,0,0,0,0,0
882,882,1,0.13592,0,0,0,0,0,0,0,0
883,883,1,0.13565,0,0,0,0,0,0,0,0
884,884,1,0.12317,0,0,0,0,0,0,0,0
885,885,1,0.20537,0,0,0,0,0,0,0,0
886,886,1,0.19588,0,0,0,0,0,0,0,0
887,887,1,0.46934,0,0,0,0,0,0,0,0
888,888,1,0.19588,0,0,0,0,0,0,0,0
889,889,1,0.01194,0,0,0,0,0,0,0,0
890,890,1,0.06403,0,0,0,0,0,0,0,0
891,891,1,0.13646,0,0,0,0,0,0,0,0
892,892,1,0.12344,0,0,0,0,0,0,0,0
893,893,1,0.32583,0,0,0,0,0,0,0,0
894,894,1,0.03391,0,0,0,0,0,0,0,0
895,895,1,0.04693,0,0,0,0,0,0,0,0
896,896,1,0.02008,0,0,0,0,0,0,0,0
897,897,1,0.06864,0,0,0,0,0,0,0,0
898,898,1,0.1758,0,0,0,0,0,0,0,0
899,899,1,0.19615,0,0,0,0,0,0,0,0
900,900,1,0.01194,0,0,0,0,0,0,0,0
901,901,1,0.40043,0,0,0,0,0,0,0,0
902,902,1,0.13565,0,0,0,0,0,0,0,0
903,903,1,0.27265,0,0,0,0,0,0,0,0
904,904,1,0.2306,0,0,0,0,0,0,0,0
905,905,1,0.20347,0,0,0,0,0,0,0,0
906,906,1,0.13619,0,0,0,0,0,0,0,0
907,907,1,0.13538,0,0,0,0,0,0,0,0
908,908,1,0.32718,0,0,0,0,0,0,0,0
909,909,1,0.13348,0,0,0,0,0,0,0,0
910,910,1,0.13565,0,0,0,0,0,0,0,0
911,911,1,0.13565,0,0,0,0,0,0,0,0
912,912,1,0.07271,0,0,0,0,0,0,0,0
913,913,1,0.13538,0,0,0,0,0,0,0,0
914,914,1,0.0529,0,0,0,0,0,0,0,0
915,915,1,0.12425,0,0,0,0,0,0,0,0
916,916,1,0.02008,0,0,0,0,0,0,0,0
917,917,1,0.2051,0,0,0,0,0,0,0,0
918,918,1,0.20483,0,0,0,0,0,0,0,0
919,919,1,0.1758,0,0,0,0,0,0,0,0
920,920,1,0.13619,0,0,0,0,0,0,0,0
921,921,1,0.2051,0,0,0,0,0,0,0,0
922,922,1,0.13429,0,0,0,0,0,0,0,0
923,923,1,0.31443,0,0,0,0,0,0,0,0
924,924,1,0.04748,0,0,0,0,0,0,0,0
925,925,1,0.04802,0,0,0,0,0,0,0,0
926,926,1,0.12425,0,0,0,0,0,0,0,0
927,927,1,0.01194,0,0,0,0,0,0,0,0
928,928,1,0.13375,0,0,0,0,0,0,0,0
929,929,1,0.12235,0,0,0,0,0,0,0,0
930,930,1,0.31443,0,0,0,0,0,0,0,0
931,931,1,0.19642,0,0,0,0,0,0,0,0
932,932,1,0.2051,0,0,0,0,0,0,0,0
933,933,1,0.13592,0,0,0,0,0,0,0,0
934,934,1,0.19669,0,0,0,0,0,0,0,0
935,935,1,0.19642,0,0,0,0,0,0,0,0
936,936,1,0.2051,0,0,0,0,0,0,0,0
937,937,1,0.1758,0,0,0,0,0,0,0,0
938,938,1,0.17553,0,0,0,0,0,0,0,0
939,939,1,0.32311,0,0,0,0,0,0,0,0
940,940,1,0.27157,0,0,0,0,0,0,0,0
941,941,1,0.2051,0,0,0,0,0,0,0,0
942,942,1,0.19642,0,0,0,0,0,0,0,0
943,943,1,0.12425,0,0,0,0,0,0,0,0
944,944,1,0.13565,0,0,0,0,0,0,0,0
945,945,1,0.13619,0,0,0,0,0,0,0,0
946,946,1,0.2732,0,0,0,0,0,0,0,0
947,947,1,0.2051,0,0,0,0,0,0,0,0
948,948,1,0.32311,0,0,0,0,0,0,0,0
949,949,1,0.13565,0,0,0,0,0,0,0,0
950,950,1,0.01194,0,0,0,0,0,0,0,0
951,951,1,0.32311,0,0,0,0,0,0,0,0
952,952,1,0.13348,0,0,0,0,0,0,0,0
953,953,1,0.19642,0,0,0,0,0,0,0,0
954,954,1,0.32311,0,0,0,0,0,0,0,0
955,955,1,0.13565,0,0,0,0,0,0,0,0
956,956,1,0.20483,0,0,0,0,0,0,0,0
957,957,1,0.06891,0,0,0,0,0,0,0,0
958,958,1,0.01194,0,0,0,0,0,0,0,0
959,959,1,0.20537,0,0,0,0,0,0,0,0
960,960,1,0.32284,0,0,0,0,0,0,0,0
961,961,1,0.19696,0,0,0,0,0,0,0,0
962,962,1,0.2694,0,0,0,0,0,0,0,0
963,963,1,0.20537,0,0,0,0,0,0,0,0
964,964,1,0.01519,0,0,0,0,0,0,0,0
965,965,1,0.01736,0,0,0,0,0,0,0,0
966,966,1,0.01438,0,0,0,0,0,0,0,0
967,967,1,0.17824,0,0,0,0,0,0,0,0
968,968,1,0.01248,0,0,0,0,0,0,0,0
969,969,1,0.13511,0,0,0,0,0,0,0,0
970,970,1,0.01709,0,0,0,0,0,0,0,0
971,971,1,0.17607,0,0,0,0,0,0,0,0
972,972,1,0.02143,0,0,0,0,0,0,0,0
973,973,1,0.20537,0,0,0,0,0,0,0,0
974,974,1,0.13538,0,0,0,0,0,0,0,0
975,975,1,0.32311,0,0,0,0,0,0,0,0
976,976,1,0.19208,0,0,0,0,0,0,0,0
977,977,1,0.06864,0,0,0,0,0,0,0,0
978,978,1,0.05562,0,0,0,0,0,0,0,0
979,979,1,0.37303,0,0,0,0.02754,0,0.02633,0,0.02603
980,980,1,0.01139,0,0,0,0,0,0,0,0
981,981,1,0.32257,0,0,0,0.0015,0,1e-05,0,0
982,982,1,0.07244,0,0,0,0,0,0,0,0
983,983,1,0.07216,0,0,0,0,0,0,0,0
984,984,1,0.20537,0,0,0,0,0,0,0,0
985,985,1,0.20537,0,0,0,0,0,0,0,0
986,986,1,0.01167,0,0,0,0,0,0,0,0
987,987,1,0.32339,0,0,0,0,0,0,0,0
988,988,1,0.32447,0,0,0,0,0,0,0,0
989,989,1,0.14107,0,0,0,3e-05,0,0,0,0
990,990,1,0.02713,0,0,0,0,0,0,0,0
991,991,1,0.03988,0,0,0,0,0,0,0,0
992,992,1,0.04775,0,0,0,0,0,0,0,0
993,993,1,0.13565,0,0,0,0,0,0,0,0
994,994,1,0.13511,0,0,0,0,0,0,0,0
995,995,1,0.12317,0,0,0,0,0,0,0,0
996,996,1,0.20537,0,0,0,0,0,0,0,0
997,997,1,0.12317,0,0,0,0,0,0,0,0
998,998,1,0.20537,0,0,0,0,0,0,0,0
999,999,1,0.20619,0,0,0,0,0,0,0,0
1000,1000,1,0.13592,0,0,0,0,0,0,0,0
1001,1001,1,0.13592,0,0,0,0,0,0,0,0
1002,1002,1,0.13592,0,0,0,0,0,0,0,0
1003,1003,1,0.13592,0,0,0,0,0,0,0,0
1004,1004,1,0.13538,0,0,0,0,0,0,0,0
1005,1005,1,0.01194,0,0,0,0,0,0,0,0
1006,1006,1,0.13538,0,0,0,0,0,0,0,0
1007,1007,1,0.20456,0,0,0,0,0,0,0,0
1008,1008,1,0.01926,0,0,0,0,0,0,0,0
1009,1009,1,0.20483,0,0,0,0,0,0,0,0
1010,1010,1,0.32474,0,0,0,0,0,0,0,0
1011,1011,1,0.20483,0,0,0,0,0,0,0,0
1012,1012,1,0.19669,0,0,0,0,0,0,0,0
1013,1013,1,0.46799,0,0,0,0,0,0,0,0
1014,1014,1,0.20537,0,0,0,0,0,0,0,0
1015,1015,1,0.32583,0,0,0,0,0,0,0,0
1016,1016,1,0.32366,0,0,0,0,0,0,0,0
1017,1017,1,0.32366,0,0,0,0,0,0,0,0
1018,1018,1,0.33207,0,0,0,0,0,0,0,0
1019,1019,1,0.01194,0,0,0,0,0,0,0,0
1020,1020,1,0.3318,0,0,0,0.00018,0,9e-05,0,0
1021,1021,1,0.19642,0,0,0,0,0,0,0,0
1022,1022,1,0.1956,0,0,0,0,0,0,0,0
1023,1023,1,0.46989,0,0,0,0,0,0,0,0
1024,1024,1,0.12317,0,0,0,0,0,0,0,0
1025,1025,1,0.04748,0,0,0,0,0,0,0,0
1026,1026,1,0.13592,0,0,0,0,0,0,0,0
1027,1027,1,0.13619,0,0,0,0,0,0,0,0
1028,1028,1,0.12941,0,0,0,0,0,0,0,0
1029,1029,1,0.10092,0,0,0,0,0,0,0,0.00108
1030,1030,1,0.13646,0,0,0,0,0,0,0,0
1031,1031,1,0.05372,0,0,0,0,0,0,0,0
1032,1032,1,0.32474,0,0,0,0,0,0,0,0
1033,1033,1,0.13619,0,0,0,0,0,0,0,0
1034,1034,1,0.15681,0,0,0,0,0,0,0,0
1035,1035,1,0.04748,0,0,0,0,0,0,0,0
1036,1036,1,0.01085,0,0,0,0.04287,0,0.04327,0,0.04341
1037,1037,1,0.13592,0,0,0,0,0,0,0,0
1038,1038,1,0.13511,0,0,0,0,0,0,0,0
1039,1039,1,0.20537,0,0,0,0,0,0,0,0
1040,1040,1,0.32311,0,0,0,0,0,0,0,0
1041,1041,1,0.20537,0,0,0,0,0,0,0,0
1042,1042,1,0.02306,0,0,0,0,0,0,0,0
1043,1043,1,0.01194,0,0,0,0,0,0,0,0
1044,1044,1,0.02279,0,0,0,0,0,0,0,0
1045,1045,1,0.13565,0,0,0,0,0,0,0,0
1046,1046,1,0.13511,0,0,0,0,0,0,0,0
1047,1047,1,0.20646,0,0,0,0,0,0,0,0
1048,1048,1,0.01574,0,0,0,0,0,0,0,0
1049,1049,1,0.0681,0,0,0,0,0,0,0,0
1050,1050,1,0.20646,0,0,0,0,0,0,0,0
1051,1051,1,0.3242,0,0,0,0,0,0,0,0
1052,1052,1,0.1956,0,0,0,0,0,0,0,0
1053,1053,1,0.09116,0,0,0,0,0,0,0,0
1054,1054,1,0.19615,0,0,0,0,0,0,0,0
1055,1055,1,0.17607,0,0,0,0,0,0,0,0
1056,1056,1,0.45741,0,0,0,0,0,0,0,0
1057,1057,1,0.02659,0,0,0,0.01806,0,0.02025,0,0.01765
1058,1058,1,0.13375,0,0,0,0,0,0,0,0
1059,1059,1,0.13239,0,0,0,0,0,0,0,0
1060,1060,1,0.1229,0,0,0,0,0,0,0,0
1061,1061,1,0.12398,0,0,0,0,0,0,0,0
1062,1062,1,0.0198,0,0,0,0,0,0,0,0
1063,1063,1,0.01194,0,0,0,0,0,0,0,0
1064,1064,1,0.32311,0,0,0,0,0,0,0,0
1065,1065,1,0.20591,0,0,0,0,0,0,0,0
1066,1066,1,0.12317,0,0,0,0,0,0,0,0
1067,1067,1,0.07244,0,0,0,0,0,0,0,0
1068,1068,1,0.13538,0,0,0,0,0,0,0,0
1069,1069,1,0.20619,0,0,0,0,0,0,0,0
1070,1070,1,0.01845,0,0,0,0,0,0,0,0
1071,1071,1,0.27238,0,0,0,0,0,0,0,0
1072,1072,1,0.01167,0,0,0,0,0,0,0,0
1073,1073,1,0.20619,0,0,0,0,0,0,0,0
1074,1074,1,0.13538,0,0,0,0,0,0,0,0
1075,1075,1,0.01628,0,0,0,0,0,0,0,0
1076,1076,1,0.32447,0,0,0,0,0,0,0,0
54,260,207,0.19926,0,1,0,0,0,0,0,0
272,275,4,0.41909,0,1,0,0,0,0,0,0
278,292,15,0.28417,0,1,0,0,0,0,0,0
303,333,31,0.21806,0,1,0,0,0,0,0,0
335,338,4,0.13619,0,1,0,0,0,0,0,0
375,388,14,0.09133,0,1,0.00066,0,0,0,0.00024,0
396,402,7,0.05503,0,1,0.00015,0,0,0,6e-05,0
406,411,6,0.16255,0,1,1e-04,0,0,0,4e-05,0
417,521,105,0.10035,0,1,0.00307,0,0,0,0.00113,0
522,551,30,0.13411,0,1,4e-04,0,0,0,0.00015,0
556,618,63,0.18517,0,1,0.00021,0,0,0,8e-05,0
628,640,13,0.18287,0,1,0.00015,0,0,0,6e-05,0
643,644,2,0.19411,0,1,0,0,0,0,0,0
645,649,5,0.11063,0,1,0,0,0,0,0,0
699,700,2,0.49512,0,1,0,0,0,0,0,0
704,708,5,0.22377,0,1,0,0,0,0,0,0
713,716,4,0.08193,0,1,0,0,0,0,0,0
717,1076,360,0.1655,0,1,0,0,0,0,0,0
2,9,8,0.23972,0,2,0,0,0,0,0,0
10,25,16,0.18012,0,2,0,0,0,0,0,0
263,293,31,0.28471,0,2,0,0,0,0,0,0
299,301,3,0.23621,0,2,0,0,0,0,0,0
303,340,38,0.20057,0,2,0,0,0,0,0,0
375,551,177,0.10849,0,2,0.00468,0,0,0,0.00172,0
556,624,69,0.17842,0,2,0.00023,0,0,0,9e-05,0
625,640,16,0.17667,0,2,0.00023,0,0,0,9e-05,0
641,650,10,0.13861,0,2,0,0,0,0,0,0
677,680,4,0.07617,0,2,0,0,0,0,0,0
689,708,20,0.29212,0,2,0,0,0,0,0,0
711,1076,366,0.16516,0,2,0,0,0,0,0,0
1,32,32,0.19469,0,3,0,0,0,0,0,0
54,340,287,0.21018,0,3,0,0,0,0,0,0
357,358,2,0.29829,0,3,0,0,0,0,0,0
360,363,4,0.20829,0,3,3e-05,0,0,0,1e-05,0
368,372,5,0.15241,0,3,0.00028,0,0,0,1e-04,0
375,650,276,0.13087,0,3,0.00517,0,0,0,0.00191,0
651,661,11,0.17839,0,3,0.00042,0,0,0,0.00015,0
676,1076,401,0.173,0,3,0,0,0,0,0,0
1,35,35,0.1969,0,4,0,0,0,0,0,0
47,340,294,0.20749,0,4,0,0,0,0,0,0
352,661,310,0.13363,0,4,0.00634,0,0,0,0.00233,0
675,1076,402,0.17313,0,4,0,0,0,0,0,0
46,340,295,0.20793,0,5,0,0,0,0,0,0
352,663,312,0.13324,0,5,0.00659,0,0,0,0.00243,0
671,1076,406,0.17324,0,5,0,0,0,0,0,0
352,666,315,0.13312,0,6,0.00704,0,0,0,0.00259,0
